Field,Value
First Name,Jane
Last Name,Doe
Date Of Birth,05/20/1990
Sex,Female
Social Security,XXX-XX-1234
Phone Number,(555) 987-6543
Email Address,jane.doe@email.com
Address,"123 Main St, Apt 4B"
City,New York
State,NY
Zip Code,10001
Marital Status,MARRIED
Spouses Name,John Doe
Spouse Phone Number,(555) 987-6544
Emergency Contact,John Doe
Relationship,Spouse
Emergency Contact Phone Number,(555) 987-6544
Do You Have Insurance?,YES
Primary Card Holder,SELF
Primary Policy Holder Name,Jane Doe
Primary Insurance Company,BlueCross BlueShield
Primary Id Number,XYZ123456789
Primary Group Number,GROUP9876
Do You Have Secondary Insurance?,NO
Secondary Card Holder,N/A
Secondary Policy Holder Name,N/A
Secondary Insurance Company,N/A
Secondary Id Number,N/A
Secondary Group Number,N/A
Pharmacy Name,CVS Pharmacy
Pharmacy Phone Number,(212) 555-0199
Patient Signature,[Digital Signature on File]
Date,2025-06-12
